"HITId","HITTypeId","Title","Description","Keywords","Reward","CreationTime","MaxAssignments","RequesterAnnotation","AssignmentDurationInSeconds","AutoApprovalDelayInSeconds","Expiration","NumberOfSimilarHITs","LifetimeInSeconds","AssignmentId","WorkerId","AssignmentStatus","AcceptTime","SubmitTime","AutoApprovalTime","ApprovalTime","RejectionTime","RequesterFeedback","WorkTimeInSeconds","LifetimeApprovalRate","Last30DaysApprovalRate","Last7DaysApprovalRate","Answer.img_0_id","Answer.img_0_word_0","Answer.img_0_word_1","Answer.img_0_word_2","Answer.img_0_word_3","Answer.img_0_word_4","Answer.img_1_id","Answer.img_1_word_0","Answer.img_1_word_1","Answer.img_1_word_2","Answer.img_1_word_3","Answer.img_1_word_4","Answer.img_2_id","Answer.img_2_word_0","Answer.img_2_word_1","Answer.img_2_word_2","Answer.img_2_word_3","Answer.img_2_word_4","Answer.img_3_id","Answer.img_3_word_0","Answer.img_3_word_1","Answer.img_3_word_2","Answer.img_3_word_3","Answer.img_3_word_4","Answer.img_4_id","Answer.img_4_word_0","Answer.img_4_word_1","Answer.img_4_word_2","Answer.img_4_word_3","Answer.img_4_word_4","Answer.img_5_id","Answer.img_5_word_0","Answer.img_5_word_1","Answer.img_5_word_2","Answer.img_5_word_3","Answer.img_5_word_4","Answer.img_6_id","Answer.img_6_word_0","Answer.img_6_word_1","Answer.img_6_word_2","Answer.img_6_word_3","Answer.img_6_word_4","Answer.img_7_id","Answer.img_7_word_0","Answer.img_7_word_1","Answer.img_7_word_2","Answer.img_7_word_3","Answer.img_7_word_4","Answer.img_8_id","Answer.img_8_word_0","Answer.img_8_word_1","Answer.img_8_word_2","Answer.img_8_word_3","Answer.img_8_word_4","Answer.img_9_id","Answer.img_9_word_0","Answer.img_9_word_1","Answer.img_9_word_2","Answer.img_9_word_3","Answer.img_9_word_4","Answer.treatment_id","Approve","Reject"
"3X7837UUACXFC49U0HOGV00F3QBJ6V","3WROYBU7BLSAFQQMT4KPYIP5WACCDY","Tag images with words!","We'll show you a series of 10 images, and ask you to tag each one with 5 words.","image tag label labelling picture keyword visual text","$0.20","Fri Mar 28 03:56:06 GMT 2014","900","BatchId:1472441;","1200","1296000","Fri Mar 28 18:12:34 GMT 2014","","","30JNVC0OR9JEI0VIHS4VDCWBD7JHQX","A2LFVIC3OBEE1L","Submitted","Fri Mar 28 10:13:13 GMT 2014","Fri Mar 28 10:17:56 GMT 2014","Sat Apr 12 03:17:56 PDT 2014","","","","283","0% (0/0)","0% (0/0)","0% (0/0)","ingredients_0","nut","health","brown","beanut","taste","ingredients_1","color","paste","taste","meal","food","ingredients_2","green","taste","lime","chilli","hot","ingredients_3","ingredient","cake","taste","food","cook","ingredients_4","vegetable","taste","food","green","health","test_0","good","share","food","colorful","taste","test_1","food","taste","serve","ready","eat","test_2","food","eat","taste","ready","fried","test_3","chines","cook","food","taste","health","test_4","presentation","taste","food","bread","health","2"
"3X7837UUACXFC49U0HOGV00F3QBJ6V","3WROYBU7BLSAFQQMT4KPYIP5WACCDY","Tag images with words!","We'll show you a series of 10 images, and ask you to tag each one with 5 words.","image tag label labelling picture keyword visual text","$0.20","Fri Mar 28 03:56:06 GMT 2014","900","BatchId:1472441;","1200","1296000","Fri Mar 28 18:12:34 GMT 2014","","","31Z0PCVWUKEUHRHYLNCER4I4I97T71","A1Q6IR9E7MW3BM","Submitted","Fri Mar 28 04:04:01 GMT 2014","Fri Mar 28 04:08:45 GMT 2014","Fri Apr 11 21:08:45 PDT 2014","","","","284","0% (0/0)","0% (0/0)","0% (0/0)","cultural_0","chinese","dragon","new","year","costume","cultural_1","play","costumes","theater","stage","performance","cultural_2","music","guitars","sombrero","suit","happy","cultural_3","england","horses","hounds","lawn","chase","cultural_4","rodeo","cowboy","hat","crowd","action","test_0","food","india","tradition","sauces","color","test_1","pasta","chianti","pizza","food","wine","test_2","dumplings","serving","food","plates","fried","test_3","sushi","display","fish","japan","plate","test_4","russia","bread","bowl","ornaments","soup","6"
"3X7837UUACXFC49U0HOGV00F3QBJ6V","3WROYBU7BLSAFQQMT4KPYIP5WACCDY","Tag images with words!","We'll show you a series of 10 images, and ask you to tag each one with 5 words.","image tag label labelling picture keyword visual text","$0.20","Fri Mar 28 03:56:06 GMT 2014","900","BatchId:1472441;","1200","1296000","Fri Mar 28 18:12:34 GMT 2014","","","326O153BMIX89H0BM5Q5SASZ2C7DED","AHLVAVDNE9WI0","Submitted","Fri Mar 28 10:50:49 GMT 2014","Fri Mar 28 10:56:07 GMT 2014","Sat Apr 12 03:56:07 PDT 2014","","","","318","0% (0/0)","0% (0/0)","0% (0/0)","ambiguous_0","food","tasty","healthy","hotdog","fruit","ambiguous_1","food","healthy","tomato","colorful","tasty","ambiguous_2","food","unhealthy","not nice","bad","partial","ambiguous_3","looking nice","food","tomato","colorful","healthy","ambiguous_4","yummy","tasty","colorful","healthy","lemon","test_0","good","festival","verity","foods","tasty","test_1","verity","colorful","tasty","foods","healthy","test_2","food","uncooked","verity","colorful","healthy","test_3","colorful","looking nice","uncooked","tasty","healthy","test_4","soup","statue","cake","colorful","redish","5"
"3X7837UUACXFC49U0HOGV00F3QBJ6V","3WROYBU7BLSAFQQMT4KPYIP5WACCDY","Tag images with words!","We'll show you a series of 10 images, and ask you to tag each one with 5 words.","image tag label labelling picture keyword visual text","$0.20","Fri Mar 28 03:56:06 GMT 2014","900","BatchId:1472441;","1200","1296000","Fri Mar 28 18:12:34 GMT 2014","","","336KAV9KYQRJCCJMPHII3UTBNXJ2Y4","A2OK57Y4D4TDTK","Submitted","Fri Mar 28 10:15:34 GMT 2014","Fri Mar 28 10:25:36 GMT 2014","Sat Apr 12 03:25:36 PDT 2014","","","","602","0% (0/0)","0% (0/0)","0% (0/0)","cultural_0","dragon","China","New Year","costumes","parade","cultural_1","dance","Cossacks","Kozachok","spears","stage","cultural_2","Mariachi","Mexico","sombrero","guitar","violin","cultural_3","fox hunt","England","hounds","riding","outdoors","cultural_4","rodeo","cowboy","USA","wild horse","riding","test_0","Ganesha","India","food offerings","indian cousine","statue","test_1","Italian food","pizza","wine","pasta","tomatoes","test_2","Food","rolls","spring rolls","cabbage","plates","test_3","Sushi","Japan","Makizushi","Nigirizushi","sea food","test_4","matryoshka dolls","Russia","borsch","bread","plates","6"
"3X7837UUACXFC49U0HOGV00F3QBJ6V","3WROYBU7BLSAFQQMT4KPYIP5WACCDY","Tag images with words!","We'll show you a series of 10 images, and ask you to tag each one with 5 words.","image tag label labelling picture keyword visual text","$0.20","Fri Mar 28 03:56:06 GMT 2014","900","BatchId:1472441;","1200","1296000","Fri Mar 28 18:12:34 GMT 2014","","","33ISQZVXPPLJ7RAJQIPZIGAEVZ2CC0","A11KMASRERFP0V","Submitted","Fri Mar 28 04:25:30 GMT 2014","Fri Mar 28 04:28:52 GMT 2014","Fri Apr 11 21:28:52 PDT 2014","","","","202","100% (52/52)","0% (0/0)","0% (0/0)","ambiguous_0","sausage","bread","vegetables","sauce","delicious","ambiguous_1","pasta","tomatoes","vegetables","Italian","Parsley","ambiguous_2","fancy","fish","vegetables","sauce","small","ambiguous_3","tomatoes","cheese","chicken","brocolli","vegetables","ambiguous_4","lemon","fish","pasta","combination","sauce","test_0","Indian","vegetables","sauce","Dumplings","Tomatoes","test_1","wine","pizza","calzone","spaghetti","tomatoes","test_2","Chinese","eggrolls","Fancy","combination","Pork","test_3","sushi","rice","fish","raw","vegetables","test_4","bread","sauce","tomatoes","garnish","dipping","3"
"3X7837UUACXFC49U0HOGV00F3QBJ6V","3WROYBU7BLSAFQQMT4KPYIP5WACCDY","Tag images with words!","We'll show you a series of 10 images, and ask you to tag each one with 5 words.","image tag label labelling picture keyword visual text","$0.20","Fri Mar 28 03:56:06 GMT 2014","900","BatchId:1472441;","1200","1296000","Fri Mar 28 18:12:34 GMT 2014","","","35GCEFQ6I5N82KPAP3Y60B75Z6J3Z5","AMMTPFOPT7RCU","Submitted","Fri Mar 28 14:01:15 GMT 2014","Fri Mar 28 14:11:39 GMT 2014","Sat Apr 12 07:11:39 PDT 2014","","","","624","100% (31/31)","0% (0/0)","0% (0/0)","ingredients_0","nuts","healthy","almonds","tasty","peanuts","ingredients_1","burger","recipe","cooking","preparation","food","ingredients_2","sour","spicy","citric","green","Indian","ingredients_3","spices","recipe","cooking","preparation","baking","ingredients_4","onions","cooking","pickle","preparation","spicy","test_0","India","Traditional","Religion","God","Festival","test_1","Gourmet","Restaurant","Salad","Lunch","Tasty","test_2","Steamed","Rolls","fried","delicious","snacks","test_3","sea food","raw","colorful","display","gourmet","test_4","traditional","soup","bread","chinese","dolls","2"
"3X7837UUACXFC49U0HOGV00F3QBJ6V","3WROYBU7BLSAFQQMT4KPYIP5WACCDY","Tag images with words!","We'll show you a series of 10 images, and ask you to tag each one with 5 words.","image tag label labelling picture keyword visual text","$0.20","Fri Mar 28 03:56:06 GMT 2014","900","BatchId:1472441;","1200","1296000","Fri Mar 28 18:12:34 GMT 2014","","","35K3O9HUABC571E7DBLVGAVKEPBFEE","A3FTQZ7K1HLZK9","Submitted","Fri Mar 28 09:01:08 GMT 2014","Fri Mar 28 09:07:39 GMT 2014","Sat Apr 12 02:07:39 PDT 2014","","","","391","0% (0/0)","0% (0/0)","0% (0/0)","cultural_0","China","Culture","China","tradtional","function","cultural_1","china","art","dance","show","war dance","cultural_2","music","hat","keyboard","cuitar","beach","cultural_3","dog","show","horse","park","riding","cultural_4","horse","race","competion","gray","execitment","test_0","hindu","culture","ganapthy","idol","food","test_1","food","pizza","wine","sandwich","garlic","test_2","indian","tradition","food","sweet","karam","test_3","sea","food","fish","crab","sweet","test_4","soup","bread","toys","salt","sweet","6"
"3X7837UUACXFC49U0HOGV00F3QBJ6V","3WROYBU7BLSAFQQMT4KPYIP5WACCDY","Tag images with words!","We'll show you a series of 10 images, and ask you to tag each one with 5 words.","image tag label labelling picture keyword visual text","$0.20","Fri Mar 28 03:56:06 GMT 2014","900","BatchId:1472441;","1200","1296000","Fri Mar 28 18:12:34 GMT 2014","","","35USIKEBNRFDIEY95HLACRCGYHYN6U","A340YB3OS5TW8T","Submitted","Fri Mar 28 07:03:08 GMT 2014","Fri Mar 28 07:13:09 GMT 2014","Sat Apr 12 00:13:09 PDT 2014","","","","601","100% (1/1)","0% (0/0)","0% (0/0)","cultural_0","CEREMONY","FESTIVEL","FUNCTION","CELEBERATING","DRAGON","cultural_1","STAGE SHOW","DANCE","TEAM","PERFORMANCE","ACTING","cultural_2","MUSIC","HAT","GUITAR","VIOLIN","BAND","cultural_3","DOGS","HORSES","RIDING","RACE","SOLDIERS","cultural_4","GALLERY","HORSE","SKIDING","JOCKY","ARENA","test_0","POOJA","SNACKS","RELIGEOUS","GANESH","FOOD","test_1","TABLE","WINE","DISHES","PIZZA","SANDWICH","test_2","BOX","SNACKS","PLATE","ROLLS","TIFFEN","test_3","NON VEG","MEAT","PRAWN","GRAB","SWEET","test_4","TOY","SOUP","SNACKS","BOWL","PLATE","6"
"3X7837UUACXFC49U0HOGV00F3QBJ6V","3WROYBU7BLSAFQQMT4KPYIP5WACCDY","Tag images with words!","We'll show you a series of 10 images, and ask you to tag each one with 5 words.","image tag label labelling picture keyword visual text","$0.20","Fri Mar 28 03:56:06 GMT 2014","900","BatchId:1472441;","1200","1296000","Fri Mar 28 18:12:34 GMT 2014","","","36ZN444YTRXBTJTM8XUCOJ2QXI4IO4","A3K108Z21OMX5P","Submitted","Fri Mar 28 04:22:07 GMT 2014","Fri Mar 28 04:35:49 GMT 2014","Fri Apr 11 21:35:49 PDT 2014","","","","822","0% (0/0)","0% (0/0)","0% (0/0)","ambiguous_0","delicious","franks","platter","spicy","sasage","ambiguous_1","medley","pasta","salad","tomato","asparagus","ambiguous_2","salmon","masago","delicacy","japanese","creamy","ambiguous_3","traditional","baked","tomato","classic","chicken","ambiguous_4","german","potato","fried","veal","colorless","test_0","punjab","nan","curry","traditional","indian","test_1","italian","bread","garlic","authentic","delightful","test_2","asian","wanton","lunch","traditional","authentic","test_3","sushi","platter","colorful","artistic","share","test_4","russian","lunch","attractive","simple","tomato","3"
"3X7837UUACXFC49U0HOGV00F3QBJ6V","3WROYBU7BLSAFQQMT4KPYIP5WACCDY","Tag images with words!","We'll show you a series of 10 images, and ask you to tag each one with 5 words.","image tag label labelling picture keyword visual text","$0.20","Fri Mar 28 03:56:06 GMT 2014","900","BatchId:1472441;","1200","1296000","Fri Mar 28 18:12:34 GMT 2014","","","379J5II41OFR7TO3ZMOTBN04BLMEL7","A3A45A5YUM61LK","Submitted","Fri Mar 28 12:33:45 GMT 2014","Fri Mar 28 12:44:26 GMT 2014","Sat Apr 12 05:44:26 PDT 2014","","","","641","100% (141/141)","100% (15/15)","0% (0/0)","ambiguous_0","bread","sauce","banana","leaf","jam","ambiguous_1","pasta","tomato","lemon","leaf","noodles","ambiguous_2","chicken","egg","cream","sauce","onion","ambiguous_3","tomato","pepper","rotti","fruits","veg","ambiguous_4","potato","rotti","banana","bread","chilli","test_0","sweets","snacks","milk","jangri","fruits","test_1","drinks","pizza","tomato","rotti","sauce","test_2","cake","cutlet","chips","snacks","non veg","test_3","jom roll","sweet roll","sweets","cakes","cherri","test_4","cake","sauce","jam","curry","non veg","5"
"3X7837UUACXFC49U0HOGV00F3QBJ6V","3WROYBU7BLSAFQQMT4KPYIP5WACCDY","Tag images with words!","We'll show you a series of 10 images, and ask you to tag each one with 5 words.","image tag label labelling picture keyword visual text","$0.20","Fri Mar 28 03:56:06 GMT 2014","900","BatchId:1472441;","1200","1296000","Fri Mar 28 18:12:34 GMT 2014","","","37UQDCYH6XU9UJLNQICTSM6PGXPV7S","AL7XNQINGQOQ5","Submitted","Fri Mar 28 13:05:39 GMT 2014","Fri Mar 28 13:13:32 GMT 2014","Sat Apr 12 06:13:32 PDT 2014","","","","473","0% (0/0)","0% (0/0)","0% (0/0)","ingredients_0","nuts","health","dry","mix","eat","ingredients_1","food","recipe","cooking","raw material","eating","ingredients_2","green","spicy","eat","fresh","healthy","ingredients_3","coffee","breakfast","food","omlet","quick","ingredients_4","green","fresh","uncooked","spicy","raw","test_0","festival","eatable","variety","professional","colorful","test_1","restaurant","costly","western","party","love","test_2","chinese","breakfast","dumbling","rolls","steam cooked","test_3","sushi","raw","fish","japan","salmon","test_4","chinese","breakfast","kimchi","little","hungry","2"
"3X7837UUACXFC49U0HOGV00F3QBJ6V","3WROYBU7BLSAFQQMT4KPYIP5WACCDY","Tag images with words!","We'll show you a series of 10 images, and ask you to tag each one with 5 words.","image tag label labelling picture keyword visual text","$0.20","Fri Mar 28 03:56:06 GMT 2014","900","BatchId:1472441;","1200","1296000","Fri Mar 28 18:12:34 GMT 2014","","","386CSBG1OZLYLBB1L9DRGL7L3ROQ6L","A191JFTJ4GQFN8","Submitted","Fri Mar 28 04:02:33 GMT 2014","Fri Mar 28 04:10:44 GMT 2014","Fri Apr 11 21:10:44 PDT 2014","","","","491","0% (0/0)","0% (0/0)","0% (0/0)","cultural_0","RED","DRAGON","DANCE","FESTIVAL","CHINA","cultural_1","BLUE","MEN","DANCE","KOZACHOK","LEG KICK","cultural_2","MEXICO","GUITAR","Mariachi","SOMBRERO","VIOLIN","cultural_3","BRITISH","HUNTING","FOX","HORSE","DOGS","cultural_4","RODEO","COWBOWY","HORSE","TEXAS","WESTERN","test_0","INDIA","CURRY","Ganesha","CHICKEN","FEAST","test_1","PIZZA","PASTA","WINE","CALAZONE","ITALIAN","test_2","CHINESE","EGGROLLS","DUMPLINGS","FRIED","FOOD","test_3","JAPANESE","SUSHI","TUNA","SALMON","SHRIMP","test_4","RUSSIA","Matryoshka doll","BORSH","STEW","BREAD","6"
"3X7837UUACXFC49U0HOGV00F3QBJ6V","3WROYBU7BLSAFQQMT4KPYIP5WACCDY","Tag images with words!","We'll show you a series of 10 images, and ask you to tag each one with 5 words.","image tag label labelling picture keyword visual text","$0.20","Fri Mar 28 03:56:06 GMT 2014","900","BatchId:1472441;","1200","1296000","Fri Mar 28 18:12:34 GMT 2014","","","392CY0QWG1Q7PQJ4PDF3ALWLHST4I8","A20WOJ4KY8U33L","Submitted","Fri Mar 28 11:43:58 GMT 2014","Fri Mar 28 12:00:12 GMT 2014","Sat Apr 12 05:00:12 PDT 2014","","","","974","0% (0/0)","0% (0/0)","0% (0/0)","ingredients_0","peanuts","almonds","cashew","nuts","macademia","ingredients_1","burger recipe","burger patty","ground beef","condiments","burger patty ingredients","ingredients_2","green lemon","onion","jalapeno","chili","peppers","ingredients_3","ingredients","baking","chocolate cake recipe","flour","chocolate powder","ingredients_4","parsley","calamondin","chili","onions","garlic","test_0","Elephant statue","Thailand","Thai Cuisine","Hot dishes","delicacies","test_1","spaghetti with meat balls","vegetable salad","pizza","bread","french bread","test_2","asian dishes","chinese cuisine","dumplings","siomai","spring rolls","test_3","japanese food","maki","sashimi","salmon","japanese tofu","test_4","healthy souo","bread","figurines","bowl of souo","meal","2"
"3X7837UUACXFC49U0HOGV00F3QBJ6V","3WROYBU7BLSAFQQMT4KPYIP5WACCDY","Tag images with words!","We'll show you a series of 10 images, and ask you to tag each one with 5 words.","image tag label labelling picture keyword visual text","$0.20","Fri Mar 28 03:56:06 GMT 2014","900","BatchId:1472441;","1200","1296000","Fri Mar 28 18:12:34 GMT 2014","","","39JEC7537U0F60GJHZK488Y3G5ECVT","A13BANR12AL0ZY","Submitted","Fri Mar 28 04:02:28 GMT 2014","Fri Mar 28 04:08:43 GMT 2014","Fri Apr 11 21:08:43 PDT 2014","","","","375","0% (0/0)","0% (0/0)","0% (0/0)","ingredients_0","Peaunuts","Nuts","Cashews","Almonds","Salty","ingredients_1","Meat","Spices","Bread","Plate","Tasty","ingredients_2","Peppers","Green","Lime","Onion","Garlic","ingredients_3","Powder","Baking","Sugar","Butter","Eggs","ingredients_4","Vegtable","Green","Healthy","Food","Lettuce","test_0","Chinese","Food","Meat","Sauce","Gold","test_1","Picnic","Sandwhich","Speghetti","Soup","Pizza","test_2","Egg Roll","Food","Plate","Tasty","Asian","test_3","Shrimp","Seafood","Food","Fish","Sushi","test_4","Food","Random","Bread","Soup","Red","4"
"3X7837UUACXFC49U0HOGV00F3QBJ6V","3WROYBU7BLSAFQQMT4KPYIP5WACCDY","Tag images with words!","We'll show you a series of 10 images, and ask you to tag each one with 5 words.","image tag label labelling picture keyword visual text","$0.20","Fri Mar 28 03:56:06 GMT 2014","900","BatchId:1472441;","1200","1296000","Fri Mar 28 18:12:34 GMT 2014","","","39L1G8WVWQQB7O42HSPE8HNTLPN13Q","A2CN8507Y4PBRB","Submitted","Fri Mar 28 06:36:40 GMT 2014","Fri Mar 28 06:40:07 GMT 2014","Fri Apr 11 23:40:07 PDT 2014","","","","207","0% (0/0)","0% (0/0)","0% (0/0)","cultural_0","china","dragon","festival","people","chinese","cultural_1","performance","blue","dance","wood floor","teens","cultural_2","mexico","guitar","sombrero","mariachi","singing","cultural_3","hunting","dogs","horses","hats","coats","cultural_4","western","cowboy","horse","rodeo","hat","test_0","food","god","red","spices","East Asia","test_1","italian","wine","food","pasta","pizza","test_2","food","fried","dough","rolls","plates","test_3","sushi","japan","japanese","fish","shrimp","test_4","russian","matrishka","nesting dolls","soup","bread","1"
"3X7837UUACXFC49U0HOGV00F3QBJ6V","3WROYBU7BLSAFQQMT4KPYIP5WACCDY","Tag images with words!","We'll show you a series of 10 images, and ask you to tag each one with 5 words.","image tag label labelling picture keyword visual text","$0.20","Fri Mar 28 03:56:06 GMT 2014","900","BatchId:1472441;","1200","1296000","Fri Mar 28 18:12:34 GMT 2014","","","39RP059MEHSD68U4P7NIAS988TPBMW","A3FMVGPLM6G2R8","Submitted","Fri Mar 28 11:04:48 GMT 2014","Fri Mar 28 11:11:41 GMT 2014","Sat Apr 12 04:11:41 PDT 2014","","","","413","100% (57/57)","100% (4/4)","0% (0/0)","ingredients_0","badam","peanuts","cashew","nuts","groundnut","ingredients_1","rice","dal","beef","butter","rasam","ingredients_2","garlic","greenchilli","lemon","capsicum","onion","ingredients_3","egg","milk","cornflour","water","salt","ingredients_4","greenchilli","oil","corianderleaves","ginger","onion","test_0","kesari","chutney","dal","samosa","pongal","test_1","panipuri","samosa","pizza","pasta","dumbpling","test_2","roll","kachori","sweet","kolukattai","cake","test_3","prawn","fish","leaves","butter","cucumber","test_4","soup","pepper","salt","chilli sauce","tomatosauce","2"
"3X7837UUACXFC49U0HOGV00F3QBJ6V","3WROYBU7BLSAFQQMT4KPYIP5WACCDY","Tag images with words!","We'll show you a series of 10 images, and ask you to tag each one with 5 words.","image tag label labelling picture keyword visual text","$0.20","Fri Mar 28 03:56:06 GMT 2014","900","BatchId:1472441;","1200","1296000","Fri Mar 28 18:12:34 GMT 2014","","","3A4NIXBJ76YPJHGGGKCCOV5DJLGML2","A73ITJ4GZGQBI","Submitted","Fri Mar 28 04:00:07 GMT 2014","Fri Mar 28 04:03:38 GMT 2014","Fri Apr 11 21:03:38 PDT 2014","","","","211","0% (0/0)","0% (0/0)","0% (0/0)","ingredients_0","nuts","almonds","peanuts","seeds","food","ingredients_1","bread","meat","eggs","flour","vanilla","ingredients_2","pepper","vegetable","lime","garlic","onion","ingredients_3","flour","butter","cocoa","chocolate","eggs","ingredients_4","cilantro","onion","lime","jalapeno","garlic","test_0","meat","sauce","food","rice","dip","test_1","pasta","meatball","pizza","sauce","bread","test_2","chinese","egg roll","chicken","meat","crab ragoon","test_3","sushi","fish","shrimp","appetizer","rice","test_4","sauce","tomato","bread","soup","condiment","4"
"3X7837UUACXFC49U0HOGV00F3QBJ6V","3WROYBU7BLSAFQQMT4KPYIP5WACCDY","Tag images with words!","We'll show you a series of 10 images, and ask you to tag each one with 5 words.","image tag label labelling picture keyword visual text","$0.20","Fri Mar 28 03:56:06 GMT 2014","900","BatchId:1472441;","1200","1296000","Fri Mar 28 18:12:34 GMT 2014","","","3A9AA95ATWLH2VA8GDOXOA3B32E5PL","A3JJAFR9BRLG0","Submitted","Fri Mar 28 11:08:37 GMT 2014","Fri Mar 28 11:11:53 GMT 2014","Sat Apr 12 04:11:53 PDT 2014","","","","196","0% (0/0)","0% (0/0)","0% (0/0)","ambiguous_0","hotdog","bread","salad","food","plating","ambiguous_1","pasta","fresh","vegetables","lemon","tomatto","ambiguous_2","creamy","fish","food","healthy","plating","ambiguous_3","salad","tomato","cheese","broccoli","fried","ambiguous_4","naglets","chicken","lemon","spicy","fresh","test_0","god","lord","samosa","prayer","foods","test_1","wine","party","pizza","treat","foods","test_2","variety","food","traditional","spicy","sweet","test_3","sweets","fish","prsentation","platting","food","test_4","doll","rusion","soup","bread","food","5"
"3X7837UUACXFC49U0HOGV00F3QBJ6V","3WROYBU7BLSAFQQMT4KPYIP5WACCDY","Tag images with words!","We'll show you a series of 10 images, and ask you to tag each one with 5 words.","image tag label labelling picture keyword visual text","$0.20","Fri Mar 28 03:56:06 GMT 2014","900","BatchId:1472441;","1200","1296000","Fri Mar 28 18:12:34 GMT 2014","","","3AMYWKA6YBLV0ZYL6WLNRGCLPTS6OM","A399QZ02UP2U9V","Submitted","Fri Mar 28 14:56:15 GMT 2014","Fri Mar 28 15:06:04 GMT 2014","Sat Apr 12 08:06:04 PDT 2014","","","","589","0% (0/0)","0% (0/0)","0% (0/0)","ambiguous_0","breakfast","sausages","foodporn","food presentation","bread","ambiguous_1","pasta sald","asparagus","mediterranean diet","recipe","rigatoni","ambiguous_2","seafood","recipe","caviar","fine dining","healthy alternative","ambiguous_3","bruschetta","italian food","light alternatives","quick recipes","tomato","ambiguous_4","schnitzel","cotoletta","continental dinner","battered meat","restaurant","test_0","indian food","spicy sauces","ethnic food","fine dining","indian buffet","test_1","italian food","red wine","pizza","calzone","traditional","test_2","asian food","dumplings","chinese food","chinese buffet","spring rolls","test_3","sushi platter","asian food","seafood","japanese food","raw fish","test_4","russian food","borsch","traditional","meat based first course","russian recipies","0"
"3X7837UUACXFC49U0HOGV00F3QBJ6V","3WROYBU7BLSAFQQMT4KPYIP5WACCDY","Tag images with words!","We'll show you a series of 10 images, and ask you to tag each one with 5 words.","image tag label labelling picture keyword visual text","$0.20","Fri Mar 28 03:56:06 GMT 2014","900","BatchId:1472441;","1200","1296000","Fri Mar 28 18:12:34 GMT 2014","","","3AWETUDC92RNSN7TA65T4H9UIORIZV","A2GTI85GDEOESP","Submitted","Fri Mar 28 14:58:55 GMT 2014","Fri Mar 28 15:04:19 GMT 2014","Sat Apr 12 08:04:19 PDT 2014","","","","324","0% (0/0)","0% (0/0)","0% (0/0)","cultural_0","colorful","traditional","festival","asian","loud","cultural_1","Russian","dance","dull","hard","interesting","cultural_2","Spanish","Music","Happy","Fun","Fast","cultural_3","Animal Friendly","Outdoors","European","Athletic","Fun","cultural_4","Rodeo","cowboy","scary","Fast","Loud","test_0","India","Delicious","colorful","Feast","Happy","test_1","Italian","Delicious","Typical","Food","Desirable","test_2","Asian","Delicious","Dull","Food","Happy","test_3","Seafood","Asian","Sushi","Variety","Delicious","test_4","Russian","Dolls","Soup","Delicious","Food","6"
"3X7837UUACXFC49U0HOGV00F3QBJ6V","3WROYBU7BLSAFQQMT4KPYIP5WACCDY","Tag images with words!","We'll show you a series of 10 images, and ask you to tag each one with 5 words.","image tag label labelling picture keyword visual text","$0.20","Fri Mar 28 03:56:06 GMT 2014","900","BatchId:1472441;","1200","1296000","Fri Mar 28 18:12:34 GMT 2014","","","3B1NLC6UGZVFISZSX97OS7U0SA3PGV","A21G010TCSMZZ8","Submitted","Fri Mar 28 07:09:46 GMT 2014","Fri Mar 28 07:24:57 GMT 2014","Sat Apr 12 00:24:57 PDT 2014","","","","911","0% (0/0)","0% (0/0)","0% (0/0)","cultural_0","dragon","cultural","celebration","chinese","dance","cultural_1","dance","group","stage","performance","men","cultural_2","musicians","violinist","guitar","singers","party","cultural_3","english","horses","dogs","cops","riders","cultural_4","mexican","horse","game","cowboy","jumping","test_0","vinayagar","pooja","prasatham","statue","god","test_1","eatables","pizza","wine","noodles","vegetables","test_2","foods","rolls","cakes","wheats","eatables","test_3","salad","sweets","fruits","sea food","prans","test_4","rusk","tomato","soup","jars","starter","1"
"3X7837UUACXFC49U0HOGV00F3QBJ6V","3WROYBU7BLSAFQQMT4KPYIP5WACCDY","Tag images with words!","We'll show you a series of 10 images, and ask you to tag each one with 5 words.","image tag label labelling picture keyword visual text","$0.20","Fri Mar 28 03:56:06 GMT 2014","900","BatchId:1472441;","1200","1296000","Fri Mar 28 18:12:34 GMT 2014","","","3BXQMRHWKZXS273APY4DFI1WXFRMUL","A3FPD5WHNNREV7","Submitted","Fri Mar 28 14:37:33 GMT 2014","Fri Mar 28 14:48:45 GMT 2014","Sat Apr 12 07:48:45 PDT 2014","","","","672","0% (0/0)","0% (0/0)","0% (0/0)","cultural_0","dancers","Dragon","festival","stick","yellow","cultural_1","dancers","cultural dance","blue skert","black pant","12 people","cultural_2","musicians","violin","cap","black coat","aa","cultural_3","dogs","hourse","4 red dress men","4 black coat mens","lots of dogs","cultural_4","hourse","men","festival","sports","good","test_0","ganapathi","foods","gold","festival","ganapathi pooja","test_1","canteen","sanks","vine bottle","red check carpet","pizza","test_2","kerala foods","6 items","plates","jakfruit","idiappam","test_3","chinnes dishess","pron dishess","sea foods","garnished","black plate","test_4","indian food","cake","soup","white plate","bowl","6"
"3X7837UUACXFC49U0HOGV00F3QBJ6V","3WROYBU7BLSAFQQMT4KPYIP5WACCDY","Tag images with words!","We'll show you a series of 10 images, and ask you to tag each one with 5 words.","image tag label labelling picture keyword visual text","$0.20","Fri Mar 28 03:56:06 GMT 2014","900","BatchId:1472441;","1200","1296000","Fri Mar 28 18:12:34 GMT 2014","","","3CCZ6YKWR7IWA8U1ZOS02K3WXX559W","A3HBQMBW7XGZUM","Submitted","Fri Mar 28 06:56:34 GMT 2014","Fri Mar 28 07:09:28 GMT 2014","Sat Apr 12 00:09:28 PDT 2014","","","","774","100% (1/1)","0% (0/0)","0% (0/0)","ambiguous_0","rusk","butter","mint","capsicum","chukiny","ambiguous_1","macroni","tomatoe","mint","lemon","coriander leaves","ambiguous_2","fish","cucumber","apple","egg","butter","ambiguous_3","tomatoe","leaves","fish","butter","oil","ambiguous_4","macroni","butter","lemon","fish","orange","test_0","samosa","kesari","vadai","sambar","curd","test_1","pizza","burger","salet","chauce","noodles","test_2","role","sweet","pups","fruit","cake","test_3","fish","sweet","beda","ball","leaf","test_4","bread","masala","curd","tomatoe","boxes","3"
"3X7837UUACXFC49U0HOGV00F3QBJ6V","3WROYBU7BLSAFQQMT4KPYIP5WACCDY","Tag images with words!","We'll show you a series of 10 images, and ask you to tag each one with 5 words.","image tag label labelling picture keyword visual text","$0.20","Fri Mar 28 03:56:06 GMT 2014","900","BatchId:1472441;","1200","1296000","Fri Mar 28 18:12:34 GMT 2014","","","3ERET4BTVM8ZSRF46BW649MEVO5K94","A32LRPIXJUA1E6","Submitted","Fri Mar 28 12:57:32 GMT 2014","Fri Mar 28 13:15:03 GMT 2014","Sat Apr 12 06:15:03 PDT 2014","","","","1051","0% (0/0)","0% (0/0)","0% (0/0)","ambiguous_0","this is beatifullu","this is color full foods","this food from restorent food","beutifull and best","nice","ambiguous_1","this fresh vegitabile food","this food is hotel","fully vegiterian foods","i like it","color full food","ambiguous_2","nice food","rastorent foods","big hotel food","i like it for color fully","nice and better","ambiguous_3","tomato foods","full vegiterian","nice and beutifull","hotel foods","city hotel food","ambiguous_4","vegiterian food","nice and beutifull","i qeulity foods","city hotel foods","i like it","test_0","kerala temble","kerala pooja","vegitable food","color fully","i like it","test_1","restorents foods","big hotel foods","beutifuly","beutifull pizza","nice bred","test_2","hotel foods","hotel foods and nice","color full restorents foods","i like it","best food","test_3","nice and beutifull","i like it","this is a non-veg","this chicken , mutten and veg","top foods items","test_4","this is chines food","better qualitty foods","this china hotel foods","color full and nice","i like for this foods","0"
"3X7837UUACXFC49U0HOGV00F3QBJ6V","3WROYBU7BLSAFQQMT4KPYIP5WACCDY","Tag images with words!","We'll show you a series of 10 images, and ask you to tag each one with 5 words.","image tag label labelling picture keyword visual text","$0.20","Fri Mar 28 03:56:06 GMT 2014","900","BatchId:1472441;","1200","1296000","Fri Mar 28 18:12:34 GMT 2014","","","3FTF2T8WLRHQNR9LVPF9SKG9IW8W98","A134SDBSJMLOCF","Submitted","Fri Mar 28 15:56:20 GMT 2014","Fri Mar 28 16:00:08 GMT 2014","Sat Apr 12 09:00:08 PDT 2014","","","","228","0% (0/0)","0% (0/0)","0% (0/0)","ingredients_0","nuts","peanuts","almonds","cashews","treenuts","ingredients_1","bread","egg","sauce","meat","dairy","ingredients_2","peppers","lime","onion","tomatillos","garlic","ingredients_3","flour","water","eggs","butter","sugar","ingredients_4","vegetables","celery","beans","greens","radish","test_0","asian","food","sauce","meat","seasoning","test_1","italian","pizza","pasta","calzone","wine","test_2","eggrolls","springrolls","dumplings","international","food","test_3","seafood","fish","shrimp","fresh","raw","test_4","asian","soup","tomato","sauce","bread","4"
"3X7837UUACXFC49U0HOGV00F3QBJ6V","3WROYBU7BLSAFQQMT4KPYIP5WACCDY","Tag images with words!","We'll show you a series of 10 images, and ask you to tag each one with 5 words.","image tag label labelling picture keyword visual text","$0.20","Fri Mar 28 03:56:06 GMT 2014","900","BatchId:1472441;","1200","1296000","Fri Mar 28 18:12:34 GMT 2014","","","3GA6AFUKOONMBZPGJHSZ04302ESH3E","A3DY9JPLPQUN1O","Submitted","Fri Mar 28 04:11:41 GMT 2014","Fri Mar 28 04:17:57 GMT 2014","Fri Apr 11 21:17:57 PDT 2014","","","","376","100% (13/13)","100% (11/11)","0% (0/0)","ambiguous_0","Fresh","hungry","tasty","chilli","nice","ambiguous_1","fresh","vegetables","tomato","lime","hungry","ambiguous_2","cheese","fresh","small","cucumber","hungry","ambiguous_3","cheese","hungry","tomato","fresh","green","ambiguous_4","chilli","lime","fried","hungry","fresh","test_0","feast","all","fresh","ready","pray","test_1","fresh","noodles","cheese","fried","pizza","test_2","chappthi","roll","maitha","fresh","hungry","test_3","fish","nonvegeterian","hungry","tasty","cheese","test_4","dolls","tomato","cake","fresh","tasty","3"
"3X7837UUACXFC49U0HOGV00F3QBJ6V","3WROYBU7BLSAFQQMT4KPYIP5WACCDY","Tag images with words!","We'll show you a series of 10 images, and ask you to tag each one with 5 words.","image tag label labelling picture keyword visual text","$0.20","Fri Mar 28 03:56:06 GMT 2014","900","BatchId:1472441;","1200","1296000","Fri Mar 28 18:12:34 GMT 2014","","","3GGAI1SQEVXWGDMA37JDLCFQPDKCMW","A3HEFMJ50IMTY6","Submitted","Fri Mar 28 05:33:34 GMT 2014","Fri Mar 28 05:49:23 GMT 2014","Fri Apr 11 22:49:23 PDT 2014","","","","949","100% (10/10)","100% (5/5)","0% (0/0)","ambiguous_0","food","recipedog","hotdog","garnish","vegetable","ambiguous_1","food","tomato","lemon","red","snacks","ambiguous_2","disgust","plate","served","halfeaten","dish","ambiguous_3","sndwicheen","tomato","food","recipe","green","ambiguous_4","lemeadon","bread","plate","cheese","mushroom","test_0","statue","sweet","vinayagar","somasa","chutney","test_1","noodles","pizza","tomato","food","dishes","test_2","food","sweet","rolls","vessels","traditional","test_3","prawn","fish","sweet","dishes","food","test_4","bread","roast","recipe","plate","bowl","5"
"3X7837UUACXFC49U0HOGV00F3QBJ6V","3WROYBU7BLSAFQQMT4KPYIP5WACCDY","Tag images with words!","We'll show you a series of 10 images, and ask you to tag each one with 5 words.","image tag label labelling picture keyword visual text","$0.20","Fri Mar 28 03:56:06 GMT 2014","900","BatchId:1472441;","1200","1296000","Fri Mar 28 18:12:34 GMT 2014","","","3HMVI3QICJRCNR1Q6DI4YBJ6VRCY1Q","A3JDXFWEJJJ29U","Submitted","Fri Mar 28 11:09:15 GMT 2014","Fri Mar 28 11:13:58 GMT 2014","Sat Apr 12 04:13:58 PDT 2014","","","","283","0% (0/0)","0% (0/0)","0% (0/0)","ambiguous_0","toast","vegetables","sausage","garnish","sauce","ambiguous_1","pasta","tomatoes","asparagus","bacon","herbs","ambiguous_2","pickles","roe","salmon","sauce","garnish","ambiguous_3","meat","broccoli","tomato","pesto","red pepper","ambiguous_4","fried meat","lemon","potatoes","herbs","indulgent","test_0","ganesha","Indian feast","samosa","naan","paneer","test_1","Italian feast","spaghetti with meatballs","calazone","anitpasto","pizza","test_2","fried dumplings","egg rolls","spring rolls","steamed dumplings","Chinese appetisers","test_3","large sushi plate","tuna rolls","salmon rolls","egg sushi","ebi shrimp sushi","test_4","Russian nesting dools","Borsct","Rye bread","doilies","garnish","0"
"3X7837UUACXFC49U0HOGV00F3QBJ6V","3WROYBU7BLSAFQQMT4KPYIP5WACCDY","Tag images with words!","We'll show you a series of 10 images, and ask you to tag each one with 5 words.","image tag label labelling picture keyword visual text","$0.20","Fri Mar 28 03:56:06 GMT 2014","900","BatchId:1472441;","1200","1296000","Fri Mar 28 18:12:34 GMT 2014","","","3I33IC7ZWF1IGULJ9B4208B4J51A2K","A2BXPMGJ66K3ZS","Submitted","Fri Mar 28 07:38:32 GMT 2014","Fri Mar 28 07:43:11 GMT 2014","Sat Apr 12 00:43:11 PDT 2014","","","","279","0% (0/0)","0% (0/0)","0% (0/0)","ambiguous_0","Hot Dog","Toast","Food","Breakfast","Plate","ambiguous_1","Pasta","Tomatoes","Lemon","Food","Lunch","ambiguous_2","Fish","Sauce","Plate","Food","Dinner","ambiguous_3","Tomatoes","Food","Plater","Lunch","Dinner","ambiguous_4","Plater","Toast","Lemon","Food","Breakfast","test_0","Spices","Food","Arrangement","Bowls","Festival","test_1","Dining table","Food","Served","Wine","Noodles","test_2","Dumpling","Rolls","Bowl","Food","Dinner","test_3","Sushi","Food","Plate","Dinner","Lunch","test_4","Cake","Soup","Bowl","Dolls","Lunch","5"
"3X7837UUACXFC49U0HOGV00F3QBJ6V","3WROYBU7BLSAFQQMT4KPYIP5WACCDY","Tag images with words!","We'll show you a series of 10 images, and ask you to tag each one with 5 words.","image tag label labelling picture keyword visual text","$0.20","Fri Mar 28 03:56:06 GMT 2014","900","BatchId:1472441;","1200","1296000","Fri Mar 28 18:12:34 GMT 2014","","","3IO1LGZLK9WSF7B5ZFWRUUMLANA865","A1KJ2WRVURHN5G","Submitted","Fri Mar 28 09:05:59 GMT 2014","Fri Mar 28 09:17:53 GMT 2014","Sat Apr 12 02:17:53 PDT 2014","","","","714","97% (57/59)","0% (0/0)","0% (0/0)","ambiguous_0","bread","sandwitch","burger","rusk","chicken","ambiguous_1","pasta","noodles","tomato cury","veg slad","chat item","ambiguous_2","Montan fry","white jam","cream","egg item","pizza","ambiguous_3","tomato salad","bread salad","butter","bread with butter","veg with butter","ambiguous_4","biscut","gee rosted","milk sweet","butter sweet","non-veg rosted","test_0","ganapathy","alwa","samasa","laadu","pongal","test_1","noodles","pizza","pasta","drinks","garlic","test_2","veg roll","palm","alwa","puff","meals","test_3","grape sweet","milk sweet","ghee sweet","rasagula","mysoreback","test_4","soup","dall","cake","bread","rasam","5"
"3X7837UUACXFC49U0HOGV00F3QBJ6V","3WROYBU7BLSAFQQMT4KPYIP5WACCDY","Tag images with words!","We'll show you a series of 10 images, and ask you to tag each one with 5 words.","image tag label labelling picture keyword visual text","$0.20","Fri Mar 28 03:56:06 GMT 2014","900","BatchId:1472441;","1200","1296000","Fri Mar 28 18:12:34 GMT 2014","","","3KOPY89HM81I25K67HVKCHJFF65J3U","A16HTXB0BQ6YBM","Submitted","Fri Mar 28 04:57:24 GMT 2014","Fri Mar 28 05:04:27 GMT 2014","Fri Apr 11 22:04:27 PDT 2014","","","","423","0% (0/0)","0% (0/0)","0% (0/0)","ambiguous_0","sausage","bread","peppers","sauce","plump","ambiguous_1","tomatoes","pasta","penne","asparagus","basil","ambiguous_2","salmon","cavier","sauce","crab","small","ambiguous_3","tomato","pesto","cheese","veal","broccoli","ambiguous_4","potatoes","fried","lemon","asparagus","cheese","test_0","red","food","Hindu","Indian","cuisine","test_1","Italian","wine","pizza","spaghetti","calzone","test_2","Asian","dumpling","eggroll","steamed","wonton","test_3","Sushi","fish","rice","vegetables","seaweed","test_4","Russian","bread","soup","stew","dolls","5"
"3X7837UUACXFC49U0HOGV00F3QBJ6V","3WROYBU7BLSAFQQMT4KPYIP5WACCDY","Tag images with words!","We'll show you a series of 10 images, and ask you to tag each one with 5 words.","image tag label labelling picture keyword visual text","$0.20","Fri Mar 28 03:56:06 GMT 2014","900","BatchId:1472441;","1200","1296000","Fri Mar 28 18:12:34 GMT 2014","","","3KXIR214I4F3E5520AUBN5P4RV4422","A116SF9QIZ854X","Submitted","Fri Mar 28 07:26:07 GMT 2014","Fri Mar 28 07:33:05 GMT 2014","Sat Apr 12 00:33:05 PDT 2014","","","","418","0% (0/0)","0% (0/0)","0% (0/0)","ambiguous_0","DELICIOUS","BEAUTIFUL","HOT","SPICY","TASTY","ambiguous_1","TASTY","DELICIOUS","BEAUTIFUL","ATTRACTIVE","LOVELY","ambiguous_2","SWEETY","DELICIOUS","BEAUTIFUL","TASTY","CREAMY","ambiguous_3","SPICY","DELICIOUS","HOT","TASTY","ATTRACTIVE","ambiguous_4","TASTY","SOURY","BITTER","CRISPY","SPICY","test_0","WONDERFUL","BEAUTIFUL","RELIGIOUS","AROMATIC","ATTRACTIV","test_1","DELICIOUS","SPICY","HOT","ATTRACTIVE","ALCOHOLIC","test_2","SWEETY","SPICY","ROLLED","CRISPY","ATTRACTIVE","test_3","RAW","ROLLED","ATTRACTIVE","COLOURFULL","ENJOYABLE","test_4","SPICY","TASTY","ATTRACTIVE","SWEETY","NICE","0"
"3X7837UUACXFC49U0HOGV00F3QBJ6V","3WROYBU7BLSAFQQMT4KPYIP5WACCDY","Tag images with words!","We'll show you a series of 10 images, and ask you to tag each one with 5 words.","image tag label labelling picture keyword visual text","$0.20","Fri Mar 28 03:56:06 GMT 2014","900","BatchId:1472441;","1200","1296000","Fri Mar 28 18:12:34 GMT 2014","","","3LOTDFNYA7YZO10YYBF12G2KKS2FWD","A1IIS53RHR01J3","Submitted","Fri Mar 28 06:45:42 GMT 2014","Fri Mar 28 06:52:44 GMT 2014","Fri Apr 11 23:52:44 PDT 2014","","","","422","0% (0/0)","0% (0/0)","0% (0/0)","ambiguous_0","Bread Toast","Burger","Hamberger","Break Fast","Snacks","ambiguous_1","Veg Slices","Toasters","Tomato slice","break fast","Lunch","ambiguous_2","Cheese","Bread Cheese","Hamberger","Break Fast","Coffee with snacks","ambiguous_3","Sliced tomato","Sliced Bread","Sliced Corn","Break Fast","Lunch","ambiguous_4","Chicken wings","Chicken toaster","Hamberger","Lunch","Break Fast","test_0","Ganesh Chathurthi","Lord Ganesh Statue","Pooja","Homam Manthra","Festival","test_1","Breakfast","Lunch","Dining Hall","Burger","Cheese Burger","test_2","Chicken roll","Sweet Onion roll","Snacks","Snacks Varieties","Puff","test_3","Sweets","Festival","Sweet Varities","Ghee Sweets","Nutrients","test_4","Breakfast","Soup","Tomato Soup","Pepper","Crunch","3"
"3X7837UUACXFC49U0HOGV00F3QBJ6V","3WROYBU7BLSAFQQMT4KPYIP5WACCDY","Tag images with words!","We'll show you a series of 10 images, and ask you to tag each one with 5 words.","image tag label labelling picture keyword visual text","$0.20","Fri Mar 28 03:56:06 GMT 2014","900","BatchId:1472441;","1200","1296000","Fri Mar 28 18:12:34 GMT 2014","","","3M0NZ3JDP1XBGZCE3MMZF85PD3D5Z2","A1614EW9OY4IQ0","Submitted","Fri Mar 28 17:48:21 GMT 2014","Fri Mar 28 17:51:24 GMT 2014","Sat Apr 12 10:51:24 PDT 2014","","","","183","0% (0/0)","0% (0/0)","0% (0/0)","ambiguous_0","delicious","food","bread","dinner","sauce","ambiguous_1","Noodle","pasta","tomato","greens","sauce","ambiguous_2","fish","salmon","calamari","cucumber","lunch","ambiguous_3","roasted","tomato","garnish","food","breaded","ambiguous_4","chicken","lemon","beige","bland","green","test_0","exotic","red","indian","naan","carbs","test_1","italian","pizza","wine","calzone","pasta","test_2","greek","leaves","bowl","fried","wrapped","test_3","sushi","raw","fish","red","rice","test_4","dolls","soup","red","bread","meat","3"
"3X7837UUACXFC49U0HOGV00F3QBJ6V","3WROYBU7BLSAFQQMT4KPYIP5WACCDY","Tag images with words!","We'll show you a series of 10 images, and ask you to tag each one with 5 words.","image tag label labelling picture keyword visual text","$0.20","Fri Mar 28 03:56:06 GMT 2014","900","BatchId:1472441;","1200","1296000","Fri Mar 28 18:12:34 GMT 2014","","","3MAOD8E57Q9Q1TI564U0C4P0WMUNXO","A1QYORNO0GY308","Submitted","Fri Mar 28 12:05:07 GMT 2014","Fri Mar 28 12:14:15 GMT 2014","Sat Apr 12 05:14:15 PDT 2014","","","","548","100% (11/11)","0% (0/0)","0% (0/0)","cultural_0","chinese","holiday","dragon","festival","celebration","cultural_1","Georgian","dance","kazachok","blue","stage","cultural_2","Mexican","mariachi","celebration","music","band","cultural_3","English","red coats","hunt","dogs","riding","cultural_4","rodeo","cowboy","horses","riding","skill","test_0","Hindi","festivity","Ganesha","food","holiday","test_1","table","meal","food","vine","Italian","test_2","food","meal","plenty","dishes","nutrition","test_3","food","sushi","Japanese","variety","full plate","test_4","Borshch","nesting dolls","Russian","meal","food","6"
"3X7837UUACXFC49U0HOGV00F3QBJ6V","3WROYBU7BLSAFQQMT4KPYIP5WACCDY","Tag images with words!","We'll show you a series of 10 images, and ask you to tag each one with 5 words.","image tag label labelling picture keyword visual text","$0.20","Fri Mar 28 03:56:06 GMT 2014","900","BatchId:1472441;","1200","1296000","Fri Mar 28 18:12:34 GMT 2014","","","3MX2NQ3YC9TMB4CZ24YEINPE51M5X8","A32XWNZW2DQ6UZ","Submitted","Fri Mar 28 10:57:25 GMT 2014","Fri Mar 28 11:05:48 GMT 2014","Sat Apr 12 04:05:48 PDT 2014","","","","503","0% (0/0)","0% (0/0)","0% (0/0)","cultural_0","dragen","china","festival","dance","traditional","cultural_1","dance","dancers","uniform","knife","group","cultural_2","violin","cap","performance","music","group","cultural_3","horse","dog","solders","riding","uniform","cultural_4","race","horse","riding","jockey","winner","test_0","god","lord","food","samosa","prayer","test_1","party","wine","foods","noodles","salad","test_2","food","variety","tasty","traditional","party","test_3","food","sweets","presentation","fish","plating","test_4","doll","russion","soup","food","plating","6"
"3X7837UUACXFC49U0HOGV00F3QBJ6V","3WROYBU7BLSAFQQMT4KPYIP5WACCDY","Tag images with words!","We'll show you a series of 10 images, and ask you to tag each one with 5 words.","image tag label labelling picture keyword visual text","$0.20","Fri Mar 28 03:56:06 GMT 2014","900","BatchId:1472441;","1200","1296000","Fri Mar 28 18:12:34 GMT 2014","","","3NPI0JQDAO4JNXLYH96VRQ9PJ59PT5","A7LJ0YZRO7GXP","Submitted","Fri Mar 28 12:28:37 GMT 2014","Fri Mar 28 12:46:13 GMT 2014","Sat Apr 12 05:46:13 PDT 2014","","","","1056","100% (3/3)","0% (0/0)","0% (0/0)","ambiguous_0","hot dog","capsicum","cucumber","bread","plate","ambiguous_1","tomato","lemon","leaves","pasta","bowl","ambiguous_2","plate","sweet","cup","green","food","ambiguous_3","tomato","cheese","brocoli","paste","yellow","ambiguous_4","plate","potato","lemon","snack","leaves","test_0","samosa","sweets","kesari","crispy","bowls","test_1","pizza","noodles","tomato","wine","plate","test_2","plates","food","snack","rolls","balls","test_3","fish","prawn","sushi","leaves","khadai","test_4","cake","soup","bowl","plate","tasty","5"
"3X7837UUACXFC49U0HOGV00F3QBJ6V","3WROYBU7BLSAFQQMT4KPYIP5WACCDY","Tag images with words!","We'll show you a series of 10 images, and ask you to tag each one with 5 words.","image tag label labelling picture keyword visual text","$0.20","Fri Mar 28 03:56:06 GMT 2014","900","BatchId:1472441;","1200","1296000","Fri Mar 28 18:12:34 GMT 2014","","","3OB0CAO74HONR2M482LPQYZDBF8HY5","A33KTU8KJ5CP2T","Submitted","Fri Mar 28 06:10:16 GMT 2014","Fri Mar 28 06:22:57 GMT 2014","Fri Apr 11 23:22:57 PDT 2014","","","","761","100% (1/1)","0% (0/0)","0% (0/0)","ingredients_0","Dry friuts","peanut","badam","cahewnut","mixer","ingredients_1","burger","bun","meat","sauces","cheese","ingredients_2","salad","green chilly","lime","garlic","cucumber","ingredients_3","flour","butter","egg","chocolate","for cake","ingredients_4","coriander leaf","green chilly","onion","oil","curry","test_0","Pooja","God","food offerings","festival","vessels","test_1","pizza","meat","salad","wine","sauce","test_2","fried roll","baked food","snacks","container","plates","test_3","seafood","shrimp","tuna","vegetables","arranged in plate","test_4","gravy","six puppets","bowl","plate","bread","2"
"3X7837UUACXFC49U0HOGV00F3QBJ6V","3WROYBU7BLSAFQQMT4KPYIP5WACCDY","Tag images with words!","We'll show you a series of 10 images, and ask you to tag each one with 5 words.","image tag label labelling picture keyword visual text","$0.20","Fri Mar 28 03:56:06 GMT 2014","900","BatchId:1472441;","1200","1296000","Fri Mar 28 18:12:34 GMT 2014","","","3OF2M9AATGNEYIXHA9Q5HXO7ATAKZ4","A37DFWV5W6PXMS","Submitted","Fri Mar 28 18:02:48 GMT 2014","Fri Mar 28 18:08:29 GMT 2014","Sat Apr 12 11:08:29 PDT 2014","","","","341","100% (38/38)","0% (0/0)","0% (0/0)","ingredients_0","Brown","Crunchy","Hard","Protein","Nutty","ingredients_1","Rich","Soy","Asian","Carbs","Sweet","ingredients_2","Green","Citrusy","Spicy","Strong","Pepper","ingredients_3","Doughy","Rich","Buttery","Sweet","Chocolatey","ingredients_4","Herbal","Greens","Light","Aromic","Clean","test_0","Indian","Spicy","Rich","Curry","Fulfilling","test_1","Italian","Doughy","Cheese","Seasoned","Romantic","test_2","DimSum","Eggrolls","Homey","Family","Heartburn","test_3","Fishy","Bright","Beautiful","Raw","Sea","test_4","Russian","Spicy","Red","Dip","Bread","4"
"3X7837UUACXFC49U0HOGV00F3QBJ6V","3WROYBU7BLSAFQQMT4KPYIP5WACCDY","Tag images with words!","We'll show you a series of 10 images, and ask you to tag each one with 5 words.","image tag label labelling picture keyword visual text","$0.20","Fri Mar 28 03:56:06 GMT 2014","900","BatchId:1472441;","1200","1296000","Fri Mar 28 18:12:34 GMT 2014","","","3PJ71Z61R41XMQTIY1QOZUQFMJX91K","A2AI4HOWRCG7KZ","Submitted","Fri Mar 28 15:36:29 GMT 2014","Fri Mar 28 15:42:33 GMT 2014","Sat Apr 12 08:42:33 PDT 2014","","","","364","0% (0/0)","0% (0/0)","0% (0/0)","ingredients_0","nuts","shelled","healthy","nutritious","snack","ingredients_1","spices","seasoning","cooking","meal","burgers","ingredients_2","green","spicy","salsa","Mexican","fresh","ingredients_3","spices","cooking","recipe","dessert","chocolate","ingredients_4","spices","spicy","herbs","ground","recipe","test_0","Indian","selection","spice","feast","delicious","test_1","Italian","wine","pasta","tomato","meal","test_2","Asian","appetizers","small","fried","dumplings","test_3","sushi","fresh","fish","rice","sample","test_4","Russian","beets","soup","snack","warm","4"
"3X7837UUACXFC49U0HOGV00F3QBJ6V","3WROYBU7BLSAFQQMT4KPYIP5WACCDY","Tag images with words!","We'll show you a series of 10 images, and ask you to tag each one with 5 words.","image tag label labelling picture keyword visual text","$0.20","Fri Mar 28 03:56:06 GMT 2014","900","BatchId:1472441;","1200","1296000","Fri Mar 28 18:12:34 GMT 2014","","","3R08VXYT7CUM98LSGSHPEOP3N5A7WV","A2BG6O1B5B3F78","Submitted","Fri Mar 28 10:56:39 GMT 2014","Fri Mar 28 11:02:29 GMT 2014","Sat Apr 12 04:02:29 PDT 2014","","","","350","0% (0/0)","0% (0/0)","0% (0/0)","ambiguous_0","hot dog","rusk","greens","vegetables","healthy","ambiguous_1","vegetables","healthy","lemon","colorful","greens","ambiguous_2","not nice","partial","unhealthy","not colorful","tasty","ambiguous_3","healthy","food","butter","tomato","tasty","ambiguous_4","non veg","lemon","nice","colorful","tasty","test_0","god","verity","food","colorful","festival","test_1","verity","nodules","pizza","vegetables","colorful","test_2","uncooked","not good","unhealthy","colorful","nice to look","test_3","uncooked","food","colorful","arranged well","looking nice","test_4","statue","soup","red color","cake","cup of soup","5"
"3X7837UUACXFC49U0HOGV00F3QBJ6V","3WROYBU7BLSAFQQMT4KPYIP5WACCDY","Tag images with words!","We'll show you a series of 10 images, and ask you to tag each one with 5 words.","image tag label labelling picture keyword visual text","$0.20","Fri Mar 28 03:56:06 GMT 2014","900","BatchId:1472441;","1200","1296000","Fri Mar 28 18:12:34 GMT 2014","","","3R2UR8A0IAF8JEIH7JUDRTP5MWTXO7","A3RWFPVCIYZBQV","Submitted","Fri Mar 28 11:26:20 GMT 2014","Fri Mar 28 11:35:53 GMT 2014","Sat Apr 12 04:35:53 PDT 2014","","","","573","0% (0/0)","0% (0/0)","0% (0/0)","ambiguous_0","foods","non veg","meat","snacks","french food","ambiguous_1","snacks","fried food","evening snacks","macroni","tomato","ambiguous_2","egg","roast","veg","tiffon","ketchep","ambiguous_3","veg food","tomato","french item","veg","snacks","ambiguous_4","meat","food","veg","tiffon","non veg","test_0","gestival","lord","ganesh","pooja","foods","test_1","dinner","table","foods","party","food items","test_2","variety","snacks","indian foods","sweets","foods","test_3","variety food","non veg","sweets","veg","fruits","test_4","gravy","bread","toy","party","snacks","5"
"3X7837UUACXFC49U0HOGV00F3QBJ6V","3WROYBU7BLSAFQQMT4KPYIP5WACCDY","Tag images with words!","We'll show you a series of 10 images, and ask you to tag each one with 5 words.","image tag label labelling picture keyword visual text","$0.20","Fri Mar 28 03:56:06 GMT 2014","900","BatchId:1472441;","1200","1296000","Fri Mar 28 18:12:34 GMT 2014","","","3SB4CE2TJVUJHAOGX0PVQY50WE3AXW","A3DBD6XA885626","Submitted","Fri Mar 28 04:07:33 GMT 2014","Fri Mar 28 04:12:37 GMT 2014","Fri Apr 11 21:12:37 PDT 2014","","","","304","0% (0/0)","0% (0/0)","0% (0/0)","ingredients_0","nuts","snack","healthy","tasty","good","ingredients_1","burgers","beef","meat","hamburger","yummy","ingredients_2","green","pepper","lime","fresh","produce","ingredients_3","ingredients","baking","fresh","cookies","chocolate","ingredients_4","seasoning","spices","flavor","pepper","hot","test_0","flavorful","colorful","Indian","curry","spicy","test_1","Italian","traditional","pasta","pizza","cheesy","test_2","Chinese","favorite","crunchy","hot","soy","test_3","sushi","raw","rice","fresh","cold","test_4","borscht","russian","chilled","red","flavor","4"
"3X7837UUACXFC49U0HOGV00F3QBJ6V","3WROYBU7BLSAFQQMT4KPYIP5WACCDY","Tag images with words!","We'll show you a series of 10 images, and ask you to tag each one with 5 words.","image tag label labelling picture keyword visual text","$0.20","Fri Mar 28 03:56:06 GMT 2014","900","BatchId:1472441;","1200","1296000","Fri Mar 28 18:12:34 GMT 2014","","","3SB5N7Y3O33CUBV8GOSYD6TSL32G0T","A3B5X1ILYJFWQ0","Submitted","Fri Mar 28 09:16:30 GMT 2014","Fri Mar 28 09:21:09 GMT 2014","Sat Apr 12 02:21:09 PDT 2014","","","","279","0% (0/0)","0% (0/0)","0% (0/0)","cultural_0","Dragon","Asia","Tradition","Dance","Powerful","cultural_1","Drama","Theater","Battle","Acting","Expressions","cultural_2","Mexico","Sombrero","Cheerful","Loud","Music","cultural_3","Horseback","Dogs","Walking","General","Polo","cultural_4","Cowboy","Hat","Horse","Stunt","Dirt","test_0","Hinduism","South India","Culture","Tradition","Curry","test_1","Wine","Gourmet","European","Appetite","Meal","test_2","Snack","Savory","Sweet","Break","Appetite","test_3","Asian","Sushi","Boiled","Plate","Fish","test_4","Asian","Soup","Starter","Simple","Elegant","6"
"3X7837UUACXFC49U0HOGV00F3QBJ6V","3WROYBU7BLSAFQQMT4KPYIP5WACCDY","Tag images with words!","We'll show you a series of 10 images, and ask you to tag each one with 5 words.","image tag label labelling picture keyword visual text","$0.20","Fri Mar 28 03:56:06 GMT 2014","900","BatchId:1472441;","1200","1296000","Fri Mar 28 18:12:34 GMT 2014","","","3SB5N7Y3O33CUBV8GOSYD6TSL3OG0F","A2UUT3XS4L80YU","Submitted","Fri Mar 28 12:13:26 GMT 2014","Fri Mar 28 12:28:03 GMT 2014","Sat Apr 12 05:28:03 PDT 2014","","","","877","100% (6/6)","0% (0/0)","0% (0/0)","cultural_0","Dragon Carnival","Enjoying Group","National Festival","Colours Carnival","Tabloue Group","cultural_1","Enjoyment Group","National Festival","Theatre Art","Art Form","Mens Performance","cultural_2","Musical group","Band Music","Instrument Play","Outdoor Music","Cultural Programme","cultural_3","Horse Riders","Dogs Pack","Royal Man","Royal Hunters","Site Seeing","cultural_4","Horse Rider","Live Performance","Horse Play","Horse Riding","Horse Race","test_0","Lord Worship","Prayer Room","Lord of Wealth","Religious Ceremony","Hindu God","test_1","Break Fast","Side Dishes","Evening Snacks","Pizza and Salad","Baked snacks","test_2","Sugar Fries","Evening Snacks","Indian Dishes","Local Food","Food Items","test_3","Non-Vegetarian","Fish and Prawns","Sea Food","Food Arrangement","Seafood Decoration","test_4","Veggie Soup","Starter Lunch","Side Dish","Soup and Rusk","Spicy Soup","1"
"3X7837UUACXFC49U0HOGV00F3QBJ6V","3WROYBU7BLSAFQQMT4KPYIP5WACCDY","Tag images with words!","We'll show you a series of 10 images, and ask you to tag each one with 5 words.","image tag label labelling picture keyword visual text","$0.20","Fri Mar 28 03:56:06 GMT 2014","900","BatchId:1472441;","1200","1296000","Fri Mar 28 18:12:34 GMT 2014","","","3T3IWE1XG6M4N9MDHMLKRVZZN01TQ3","A15HCNDF7USLVX","Submitted","Fri Mar 28 04:17:03 GMT 2014","Fri Mar 28 04:33:45 GMT 2014","Fri Apr 11 21:33:45 PDT 2014","","","","1002","0% (0/0)","0% (0/0)","0% (0/0)","ingredients_0","TASTY","HEALTHY","NUTS","IT DIGREESSES POSSIBILITY OF CANCER","COSTLY","ingredients_1","FATY","UNHEALTHY","it causes cholesterol","colorful","presevatives","ingredients_2","natural","greeny","not tasty","healthy","cheapest","ingredients_3","ingrediance for recipe","chees & egg is very fat","very energetic","cute","not so tasty","ingredients_4","vegitables","spicy","healthy","natural","nice picks","test_0","colorful","very expensive","yemmy","fully spicy","touched with red color","test_1","royal","spicy","nice setting","costly","tasty","test_2","not healthy","taditional touch","tasty","nice shot","servig dish","test_3","not cooked","sea food","spicy","cool","wet dish","test_4","soup","traditional","modern","nice serving","sweet & spicy","4"
"3X7837UUACXFC49U0HOGV00F3QBJ6V","3WROYBU7BLSAFQQMT4KPYIP5WACCDY","Tag images with words!","We'll show you a series of 10 images, and ask you to tag each one with 5 words.","image tag label labelling picture keyword visual text","$0.20","Fri Mar 28 03:56:06 GMT 2014","900","BatchId:1472441;","1200","1296000","Fri Mar 28 18:12:34 GMT 2014","","","3U088ZLJVKS8RXL8VTWGZ9FGEPJ0WY","A1MTORNOU8G39","Submitted","Fri Mar 28 03:58:27 GMT 2014","Fri Mar 28 04:04:33 GMT 2014","Fri Apr 11 21:04:33 PDT 2014","","","","366","100% (1/1)","0% (0/0)","0% (0/0)","ambiguous_0","food","bread slice","capsicum","sauce","breaksfast","ambiguous_1","tomato","pasta","lime","delicious","dish","ambiguous_2","fish","egg","sauce","cucumber","onion","ambiguous_3","tomato","broccoli","dish","delicious","tomato","ambiguous_4","lime","fried chicken","cheese","sauce","potato","test_0","Lord Ganesha","samosa","offerings","Kolukattai","kesari","test_1","noodles","salad","pizza","wine","burger","test_2","cheese rolls","oysters","fried items","samosa","pasta","test_3","fish","corn","tomato","chicken","egg","test_4","bread","soup","butter","tomato","delicious","0"
"3X7837UUACXFC49U0HOGV00F3QBJ6V","3WROYBU7BLSAFQQMT4KPYIP5WACCDY","Tag images with words!","We'll show you a series of 10 images, and ask you to tag each one with 5 words.","image tag label labelling picture keyword visual text","$0.20","Fri Mar 28 03:56:06 GMT 2014","900","BatchId:1472441;","1200","1296000","Fri Mar 28 18:12:34 GMT 2014","","","3UNH76FOCS49JGNFZZ12I379T20MYF","A32ICMGDXWPTA3","Submitted","Fri Mar 28 10:20:22 GMT 2014","Fri Mar 28 10:34:09 GMT 2014","Sat Apr 12 03:34:09 PDT 2014","","","","827","0% (0/0)","0% (0/0)","0% (0/0)","ambiguous_0","Gourmet","Platter","breakfast","serve","meal","ambiguous_1","pasta","meal","lunch","dinner","vegetarian","ambiguous_2","meal","seafood","serve","platter","diet","ambiguous_3","vegetarian","dressing","cheese","Italian","dinner","ambiguous_4","meal","lunch","dinner","served","menu","test_0","god","festival","offerings","ganesha","prasad","test_1","Italian","gourmet","delicious","mouthwatering","appreciative","test_2","chinese","momo","seafood","springrolls","steamed","test_3","Japanese","cuisine","seafood","salad","sushi","test_4","soup","bread","dolls","well-served","appreciate","5"
"3X7837UUACXFC49U0HOGV00F3QBJ6V","3WROYBU7BLSAFQQMT4KPYIP5WACCDY","Tag images with words!","We'll show you a series of 10 images, and ask you to tag each one with 5 words.","image tag label labelling picture keyword visual text","$0.20","Fri Mar 28 03:56:06 GMT 2014","900","BatchId:1472441;","1200","1296000","Fri Mar 28 18:12:34 GMT 2014","","","3UXUOQ9OKEWP2VIPFNLXWZSCUKM7AU","A1I9ZBV75AVWUS","Submitted","Fri Mar 28 04:02:19 GMT 2014","Fri Mar 28 04:05:50 GMT 2014","Fri Apr 11 21:05:50 PDT 2014","","","","211","100% (4/4)","0% (0/0)","0% (0/0)","ambiguous_0","sausage","food","plate","dinner","bread","ambiguous_1","pasta","tomatoes","asparagus","lime","food","ambiguous_2","salmon","garnish","food","dinner","eggs","ambiguous_3","tomato","broccoli","cheese","meat","garnish","ambiguous_4","lemon","chicken fried steak","potatoes","dish","dinner","test_0","food","indian","bread","sauces","dishes","test_1","pizza","wine","vegetables","spaghetti","bread","test_2","egg rolls","wontons","spring rolls","dumplings","meat","test_3","salmon","octopus","shrimp","sushi","squid","test_4","soup","bread","food","snack","dish","0"
"3X7837UUACXFC49U0HOGV00F3QBJ6V","3WROYBU7BLSAFQQMT4KPYIP5WACCDY","Tag images with words!","We'll show you a series of 10 images, and ask you to tag each one with 5 words.","image tag label labelling picture keyword visual text","$0.20","Fri Mar 28 03:56:06 GMT 2014","900","BatchId:1472441;","1200","1296000","Fri Mar 28 18:12:34 GMT 2014","","","3VE8AYVF8MWOY04G08ZVO0ZY2K4F81","A2T91F321UGZBX","Submitted","Fri Mar 28 03:57:05 GMT 2014","Fri Mar 28 04:04:33 GMT 2014","Fri Apr 11 21:04:33 PDT 2014","","","","448","100% (1/1)","0% (0/0)","0% (0/0)","ingredients_0","herb","Spice","Food","seamless","ingredient","ingredients_1","bowl","bread","butter","silver","powder","ingredients_2","chili","lemon","garlic","tomato","plate","ingredients_3","mug","powder","bowl","egg","butter","ingredients_4","glass","chilli","onion","bowl","lemon","test_0","god","puja","red","green","food","test_1","table","wine","pizza","food","grapes","test_2","food","plate","table","roll","jam","test_3","plate","sweet","table","badusa","green","test_4","toy","plate","gravie","red","food","2"
"3X7837UUACXFC49U0HOGV00F3QBJ6V","3WROYBU7BLSAFQQMT4KPYIP5WACCDY","Tag images with words!","We'll show you a series of 10 images, and ask you to tag each one with 5 words.","image tag label labelling picture keyword visual text","$0.20","Fri Mar 28 03:56:06 GMT 2014","900","BatchId:1472441;","1200","1296000","Fri Mar 28 18:12:34 GMT 2014","","","3VZLGYJEYL9KIIWO9S5U7RW960PZX4","A11AC8ZZG6UC7U","Submitted","Fri Mar 28 10:26:06 GMT 2014","Fri Mar 28 10:31:12 GMT 2014","Sat Apr 12 03:31:12 PDT 2014","","","","306","0% (0/0)","0% (0/0)","0% (0/0)","ingredients_0","nuts","munchies","peanuts","walnuts","almonds","ingredients_1","food","asian","fusion","sauce","bread","ingredients_2","green","vegetables","healthy","juice","youth","ingredients_3","spices","butter","sugar","eggs","yolk","ingredients_4","oil","vegetables","green","leafy","onion","test_0","spices","asian","sesame","chicken","gourmet","test_1","roti","pizza","wine","spaghetti","italian","test_2","siumai","rolls","chinese","fusion","meat","test_3","sushi","japanese","salmon","egg","tuna","test_4","spice","bread","asian","spicy","tofu","4"
"3X7837UUACXFC49U0HOGV00F3QBJ6V","3WROYBU7BLSAFQQMT4KPYIP5WACCDY","Tag images with words!","We'll show you a series of 10 images, and ask you to tag each one with 5 words.","image tag label labelling picture keyword visual text","$0.20","Fri Mar 28 03:56:06 GMT 2014","900","BatchId:1472441;","1200","1296000","Fri Mar 28 18:12:34 GMT 2014","","","3WQ3B2KGE8FGAJ8FWL4KQ0L59G8B1X","ASC5U0HUIET4Z","Submitted","Fri Mar 28 04:02:13 GMT 2014","Fri Mar 28 04:14:33 GMT 2014","Fri Apr 11 21:14:33 PDT 2014","","","","740","0% (0/0)","0% (0/0)","0% (0/0)","ingredients_0","NUTRITIOUS","DELICIOUS","HEALTHY","OILY","GLOWING SKIN","ingredients_1","TASTY","HEALTHY","PROTEIN","BUTTERY","SOFT","ingredients_2","GREENY","CHOLESTEROL FREE","SPICY","HOT","HEALTHY","ingredients_3","PROTEIN","MILKY","NOT SPICY","BREAKFAST","TASTY","ingredients_4","SPICY","GREENY","VEGETABLES","RISK FREE","NATURAL","test_0","HEALTHY","TASTY","DELECIOUS","SPICY","CRISPY","test_1","SPICY","TASTY","DELECIOUS","MOUTH WATERING","HOT","test_2","BREAKFAST","MILKY","CRUNCHY","FRIED","ATTRACTIVE","test_3","RAW","HEALTHY","NOT COOKED","GREENY","FOODIE","test_4","SPICY","AROMA","SOFT","BREAKFAST","OILY","4"
"3X7837UUACXFC49U0HOGV00F3QBJ6V","3WROYBU7BLSAFQQMT4KPYIP5WACCDY","Tag images with words!","We'll show you a series of 10 images, and ask you to tag each one with 5 words.","image tag label labelling picture keyword visual text","$0.20","Fri Mar 28 03:56:06 GMT 2014","900","BatchId:1472441;","1200","1296000","Fri Mar 28 18:12:34 GMT 2014","","","3WS1NTTKEYB6GBZD54MGVLTGJMT0F0","ANTFH2AVLU1OW","Submitted","Fri Mar 28 03:56:44 GMT 2014","Fri Mar 28 04:04:34 GMT 2014","Fri Apr 11 21:04:34 PDT 2014","","","","470","0% (0/0)","0% (0/0)","0% (0/0)","cultural_0","CHINA","DRGON","PEOPLE","CULTURE","DANCE","cultural_1","MAN","MAGIC","CULTURES","FLAG","COLOR","cultural_2","GUITAR","VIOLIN","CAP","MUSIC","SMILE","cultural_3","RIDE","HORSE","DOG","DRIVE","RIDERS","cultural_4","SPORTS","HORSE","CAP","MAN","PEOPLE","test_0","GOD","POOJAS","PRAYER","THINGS","VINAYAGA","test_1","TABLE","PIZZA","WINE","CLOTH","FOOD","test_2","FOOD","BOX","PLATE","SWEET","ROLL","test_3","BOWL","FISH","PRAWN","ONION","VEGETSABLES","test_4","DOLL","SOUP","BOWL","SWEET","FIVE","6"
"3X7837UUACXFC49U0HOGV00F3QBJ6V","3WROYBU7BLSAFQQMT4KPYIP5WACCDY","Tag images with words!","We'll show you a series of 10 images, and ask you to tag each one with 5 words.","image tag label labelling picture keyword visual text","$0.20","Fri Mar 28 03:56:06 GMT 2014","900","BatchId:1472441;","1200","1296000","Fri Mar 28 18:12:34 GMT 2014","","","3X1FV8S5JXQSNCWOJLGNYZJIEYOGVR","A30JTO8SWF3VMM","Submitted","Fri Mar 28 05:39:23 GMT 2014","Fri Mar 28 05:42:42 GMT 2014","Fri Apr 11 22:42:42 PDT 2014","","","","199","0% (0/0)","0% (0/0)","0% (0/0)","ingredients_0","nuts","brown","fatty","healthy","brainfood","ingredients_1","recipe","ingredients","meat","hamburger","food","ingredients_2","mexican","food","salsa","pico","hot","ingredients_3","brownies","chocolate","sweets","baking","recipe","ingredients_4","spices","potatoes","healthy","fresh","seasonings","test_0","feast","indian","food","spicy","rich","test_1","italian","spaghetti","pizza","calzone","wine","test_2","eggrolls","dumplings","chineese","salty","fried","test_3","sushi","healthy","japaneese","fresh","colorful","test_4","russian","soup","bland","hearty","strange","2"
"3X7837UUACXFC49U0HOGV00F3QBJ6V","3WROYBU7BLSAFQQMT4KPYIP5WACCDY","Tag images with words!","We'll show you a series of 10 images, and ask you to tag each one with 5 words.","image tag label labelling picture keyword visual text","$0.20","Fri Mar 28 03:56:06 GMT 2014","900","BatchId:1472441;","1200","1296000","Fri Mar 28 18:12:34 GMT 2014","","","3X73LLYYQ1DTF3IQ10CE9I167VJHNU","A291KO368YRYCR","Submitted","Fri Mar 28 04:12:15 GMT 2014","Fri Mar 28 04:18:17 GMT 2014","Fri Apr 11 21:18:17 PDT 2014","","","","362","0% (0/0)","0% (0/0)","0% (0/0)","cultural_0","festive","parade","dragon","celebration","float","cultural_1","performance","dance","men","stage","pose","cultural_2","mariachi","guitar","traditional","music","violin","cultural_3","horses","fox","hunt","riding","hounds","cultural_4","rodeo","cowboy","buck","horse","arena","test_0","feast","holiday","ganesh","traditional","food","test_1","Italian","food","pizza","pasta","vino","test_2","steamer","feast","food","traditional","spring roll","test_3","sushi","sahimi","Japan","feast","shrimp","test_4","European","dolls","traditional","borscht","soup","6"
"3X7837UUACXFC49U0HOGV00F3QBJ6V","3WROYBU7BLSAFQQMT4KPYIP5WACCDY","Tag images with words!","We'll show you a series of 10 images, and ask you to tag each one with 5 words.","image tag label labelling picture keyword visual text","$0.20","Fri Mar 28 03:56:06 GMT 2014","900","BatchId:1472441;","1200","1296000","Fri Mar 28 18:12:34 GMT 2014","","","3YZ8UPK3VTLFTLRJC9AZCMWK2Z5UCO","ARBKDP2LJ7J3I","Submitted","Fri Mar 28 07:40:40 GMT 2014","Fri Mar 28 07:46:31 GMT 2014","Sat Apr 12 00:46:31 PDT 2014","","","","351","0% (0/0)","0% (0/0)","0% (0/0)","ingredients_0","Almond","Peanut","Cashewnut","Protein","Nuts","ingredients_1","Buns","Ghee","Food","Preparation","bowls","ingredients_2","Chilli","Lemon","Green","White","Onion","ingredients_3","Eggs","Floor","Masala","Oil","Butter","ingredients_4","Chilli","Corriander","Onion","Water","Garlic","test_0","Ganesha","Sweets","Chatni","Samosa","Worship","test_1","Pizza","Patty","Tomato","Garlic","Flowers","test_2","Food","Chinese","Yellow","Folds","Seven","test_3","Meat","Non-Vegetarian","Crab","Fish","Flash","test_4","soup","Tomato","Chili","Butter","Salt","4"